INSERT INTO users (id, created_at, updated_at, deleted_at, email, name, password, phone, role, image, is_active, is_email_verified, last_login_at, address) VALUES (4, '2025-02-21 09:14:48.433167 +00:00', '2025-02-21 09:17:09.976671 +00:00', null, 'john@gmail.com', 'John Doe', '$2a$14$WiQlYzIyn8DfpQwLN1U1Eu4lFc9xSBe/p6v16R17iCQyMcRQMkgmG', '01938924488', 'owner', '', true, false, '2025-02-21 09:17:09.976375 +00:00', '');
INSERT INTO users (id, created_at, updated_at, deleted_at, email, name, password, phone, role, image, is_active, is_email_verified, last_login_at, address) VALUES (1, '2025-01-31 18:44:15.895582 +00:00', '2025-02-21 10:05:56.169375 +00:00', null, 'manzurulhoquerumi@gmail.com', 'Manjurul Hoque Rumi', '$2a$14$e/jhv0It/tsy5oNs4nUPHOMDQOuextbk3rSVQ8a92/I9.rZZrwvk6', '01938924489', 'admin', '', true, false, '2025-02-21 10:05:56.169019 +00:00', null);
INSERT INTO users (id, created_at, updated_at, deleted_at, email, name, password, phone, role, image, is_active, is_email_verified, last_login_at, address) VALUES (2, '2025-02-01 17:38:39.039425 +00:00', '2025-02-21 17:05:37.984169 +00:00', null, 'ava@gmail.com', 'Ava', '$2a$14$Ec3oSHEzL74RpNYmvK9h/u5BHi947UZthRMeXyfPfEj4RizYcGEo2', '828637895', 'customer', '', true, false, '2025-02-21 17:05:37.983737 +00:00', null);

INSERT INTO cuisines (id, created_at, updated_at, deleted_at, name, description, is_active, is_popular, image) VALUES (4, '2025-01-31 17:43:57.208946 +00:00', '2025-01-31 17:43:57.208949 +00:00', null, 'Indian', 'Rich and diverse cuisine known for curries, tandoor dishes, and spices', true, false, null);
INSERT INTO cuisines (id, created_at, updated_at, deleted_at, name, description, is_active, is_popular, image) VALUES (6, '2025-01-31 17:43:57.210983 +00:00', '2025-01-31 17:43:57.210984 +00:00', null, 'Thai', 'Aromatic cuisine balancing sweet, sour, spicy, and savory flavors', true, false, null);
INSERT INTO cuisines (id, created_at, updated_at, deleted_at, name, description, is_active, is_popular, image) VALUES (8, '2025-01-31 17:43:57.212646 +00:00', '2025-01-31 17:43:57.212647 +00:00', null, 'Mediterranean', 'Healthy cuisine featuring olive oil, fresh vegetables, and seafood', true, false, null);
INSERT INTO cuisines (id, created_at, updated_at, deleted_at, name, description, is_active, is_popular, image) VALUES (10, '2025-01-31 17:43:57.214307 +00:00', '2025-01-31 17:43:57.214308 +00:00', null, 'Vietnamese', 'Fresh cuisine with herbs, rice noodles, and balanced flavors', true, false, null);
INSERT INTO cuisines (id, created_at, updated_at, deleted_at, name, description, is_active, is_popular, image) VALUES (11, '2025-01-31 17:43:57.215171 +00:00', '2025-01-31 17:43:57.215173 +00:00', null, 'Greek', 'Traditional Mediterranean cuisine with olive oil, feta, and grilled meats', true, false, null);
INSERT INTO cuisines (id, created_at, updated_at, deleted_at, name, description, is_active, is_popular, image) VALUES (13, '2025-01-31 17:43:57.217125 +00:00', '2025-01-31 17:43:57.217127 +00:00', null, 'Middle Eastern', 'Rich cuisine featuring hummus, kebabs, and aromatic spices', true, false, null);
INSERT INTO cuisines (id, created_at, updated_at, deleted_at, name, description, is_active, is_popular, image) VALUES (14, '2025-01-31 17:43:57.218312 +00:00', '2025-01-31 17:43:57.218316 +00:00', null, 'American', 'Diverse cuisine featuring burgers, barbecue, and fusion dishes', true, false, null);
INSERT INTO cuisines (id, created_at, updated_at, deleted_at, name, description, is_active, is_popular, image) VALUES (16, '2025-01-31 17:43:57.220659 +00:00', '2025-01-31 17:43:57.220660 +00:00', null, 'Turkish', 'Rich cuisine blending Middle Eastern and Mediterranean flavors', true, false, null);
INSERT INTO cuisines (id, created_at, updated_at, deleted_at, name, description, is_active, is_popular, image) VALUES (17, '2025-01-31 17:43:57.221855 +00:00', '2025-01-31 17:43:57.221857 +00:00', null, 'Lebanese', 'Mediterranean cuisine known for mezze, grilled meats, and fresh ingredients', true, false, null);
INSERT INTO cuisines (id, created_at, updated_at, deleted_at, name, description, is_active, is_popular, image) VALUES (18, '2025-01-31 17:43:57.222906 +00:00', '2025-01-31 17:43:57.222907 +00:00', null, 'Moroccan', 'North African cuisine with tagines, couscous, and aromatic spices', true, false, null);
INSERT INTO cuisines (id, created_at, updated_at, deleted_at, name, description, is_active, is_popular, image) VALUES (2, '2025-01-31 17:43:57.206399 +00:00', '2025-01-31 17:43:57.206403 +00:00', null, 'Chinese', 'Diverse regional cuisines featuring stir-fries, dumplings, and rice dishes', true, true, null);
INSERT INTO cuisines (id, created_at, updated_at, deleted_at, name, description, is_active, is_popular, image) VALUES (3, '2025-01-31 17:43:57.207823 +00:00', '2025-01-31 17:43:57.207825 +00:00', null, 'Japanese', 'Refined cuisine featuring sushi, ramen, and traditional washoku dishes', true, true, null);
INSERT INTO cuisines (id, created_at, updated_at, deleted_at, name, description, is_active, is_popular, image) VALUES (1, '2025-01-31 17:43:57.203183 +00:00', '2025-01-31 17:43:57.203188 +00:00', null, 'Italian', 'Traditional Italian cuisine known for pasta, pizza, and Mediterranean flavors', true, true, null);
INSERT INTO cuisines (id, created_at, updated_at, deleted_at, name, description, is_active, is_popular, image) VALUES (12, '2025-01-31 17:43:57.216100 +00:00', '2025-01-31 17:43:57.216102 +00:00', null, 'Spanish', 'Diverse cuisine known for tapas, paella, and Mediterranean influences', true, true, null);
INSERT INTO cuisines (id, created_at, updated_at, deleted_at, name, description, is_active, is_popular, image) VALUES (5, '2025-01-31 17:43:57.210047 +00:00', '2025-01-31 17:43:57.210048 +00:00', null, 'Mexican', 'Vibrant cuisine with tacos, enchiladas, and traditional Latin flavors', true, true, null);
INSERT INTO cuisines (id, created_at, updated_at, deleted_at, name, description, is_active, is_popular, image) VALUES (9, '2025-01-31 17:43:57.213473 +00:00', '2025-01-31 17:43:57.213474 +00:00', null, 'Korean', 'Bold cuisine featuring kimchi, barbecue, and fermented dishes', true, true, null);
INSERT INTO cuisines (id, created_at, updated_at, deleted_at, name, description, is_active, is_popular, image) VALUES (7, '2025-01-31 17:43:57.211844 +00:00', '2025-01-31 17:43:57.211845 +00:00', null, 'French', 'Sophisticated cuisine known for fine dining and classic techniques', true, true, null);
INSERT INTO cuisines (id, created_at, updated_at, deleted_at, name, description, is_active, is_popular, image) VALUES (15, '2025-01-31 17:43:57.219615 +00:00', '2025-01-31 17:43:57.219618 +00:00', null, 'Brazilian', 'Flavorful South American cuisine with grilled meats and tropical ingredients', true, true, null);

INSERT INTO categories (id, created_at, updated_at, deleted_at, name, description, is_active) VALUES (12, '2025-01-31 17:43:57.302799 +00:00', '2025-01-31 17:43:57.302802 +00:00', null, 'Appetizers', 'Starters and small plates to begin your meal', true);
INSERT INTO categories (id, created_at, updated_at, deleted_at, name, description, is_active) VALUES (13, '2025-01-31 17:43:57.305203 +00:00', '2025-01-31 17:43:57.305206 +00:00', null, 'Main Course', 'Primary dishes and entrees', true);
INSERT INTO categories (id, created_at, updated_at, deleted_at, name, description, is_active) VALUES (14, '2025-01-31 17:43:57.306660 +00:00', '2025-01-31 17:43:57.306663 +00:00', null, 'Desserts', 'Sweet treats and dessert options', true);
INSERT INTO categories (id, created_at, updated_at, deleted_at, name, description, is_active) VALUES (15, '2025-01-31 17:43:57.308253 +00:00', '2025-01-31 17:43:57.308255 +00:00', null, 'Beverages', 'Drinks and refreshments', true);
INSERT INTO categories (id, created_at, updated_at, deleted_at, name, description, is_active) VALUES (16, '2025-01-31 17:43:57.309701 +00:00', '2025-01-31 17:43:57.309704 +00:00', null, 'Salads', 'Fresh and healthy salad options', true);
INSERT INTO categories (id, created_at, updated_at, deleted_at, name, description, is_active) VALUES (17, '2025-01-31 17:43:57.311190 +00:00', '2025-01-31 17:43:57.311193 +00:00', null, 'Soups', 'Hot and cold soup selections', true);
INSERT INTO categories (id, created_at, updated_at, deleted_at, name, description, is_active) VALUES (18, '2025-01-31 17:43:57.312665 +00:00', '2025-01-31 17:43:57.312668 +00:00', null, 'Sides', 'Complementary dishes and side orders', true);
INSERT INTO categories (id, created_at, updated_at, deleted_at, name, description, is_active) VALUES (19, '2025-01-31 17:43:57.314028 +00:00', '2025-01-31 17:43:57.314031 +00:00', null, 'Breakfast', 'Morning meals and breakfast items', true);
INSERT INTO categories (id, created_at, updated_at, deleted_at, name, description, is_active) VALUES (20, '2025-01-31 17:43:57.315465 +00:00', '2025-01-31 17:43:57.315468 +00:00', null, 'Specials', 'Chef''s special dishes and seasonal items', true);
INSERT INTO categories (id, created_at, updated_at, deleted_at, name, description, is_active) VALUES (21, '2025-01-31 17:43:57.316899 +00:00', '2025-01-31 17:43:57.316902 +00:00', null, 'Vegetarian', 'Meat-free and plant-based options', true);

INSERT INTO restaurants (id, created_at, updated_at, deleted_at, name, description, address, phone, email, rating, image, is_active, user_id, is_open) VALUES (22, '2025-01-31 17:43:57.229692 +00:00', '2025-02-21 14:54:03.313721 +00:00', null, 'Sushi Zen', 'Authentic Japanese sushi and ramen', '789 Cherry Ln, Japantown', '+1234567892', 'info@sushizen.com', 4.699999809265137, 'web/uploads/restaurants/eb1ddb26-0e7c-4b80-9388-ffcc1f479290.jpg', true, 4, true);
INSERT INTO restaurants (id, created_at, updated_at, deleted_at, name, description, address, phone, email, rating, image, is_active, user_id, is_open) VALUES (21, '2025-01-31 17:43:57.228868 +00:00', '2025-02-21 14:54:22.363544 +00:00', null, 'Dragon Palace', 'Traditional Chinese dishes with modern flair', '456 Oak Ave, Chinatown', '+1234567891', 'info@dragonpalace.com', 4.300000190734863, 'web/uploads/restaurants/01dfdbf5-fecb-438a-8666-4fe96b47d77b.jpeg', true, 4, true);
INSERT INTO restaurants (id, created_at, updated_at, deleted_at, name, description, address, phone, email, rating, image, is_active, user_id, is_open) VALUES (20, '2025-01-31 17:43:57.227109 +00:00', '2025-02-05 18:03:11.018610 +00:00', null, 'La Piazza', 'Authentic Italian cuisine in a cozy atmosphere', '123 Main St, Downtown', '+1234567890', 'info@lapiazza.com', 4.5, '', true, null, true);
INSERT INTO restaurants (id, created_at, updated_at, deleted_at, name, description, address, phone, email, rating, image, is_active, user_id, is_open) VALUES (23, '2025-01-31 17:43:57.230493 +00:00', '2025-02-21 07:07:50.968752 +00:00', null, 'Taj Mahal', 'Fine Indian dining with traditional flavors', '321 Spice St, Little India', '+1234567893', 'info@tajmahal.com', 4.400000095367432, 'web/uploads/restaurants/9e1c04ae-d607-458a-b81d-4fba423c5e81.png', true, null, true);
INSERT INTO restaurants (id, created_at, updated_at, deleted_at, name, description, address, phone, email, rating, image, is_active, user_id, is_open) VALUES (26, '2025-01-31 17:43:57.233501 +00:00', '2025-01-31 17:43:57.233504 +00:00', null, 'Le Bistro', 'Classic French cuisine in elegant setting', '432 Paris St, French Quarter', '+1234567896', 'info@lebistro.com', 4.800000190734863, '', true, null, true);
INSERT INTO restaurants (id, created_at, updated_at, deleted_at, name, description, address, phone, email, rating, image, is_active, user_id, is_open) VALUES (27, '2025-01-31 17:43:57.234424 +00:00', '2025-01-31 17:43:57.234426 +00:00', null, 'Olive Garden', 'Mediterranean dishes with fresh ingredients', '765 Olive Way, Mediterranean District', '+1234567897', 'info@olivegarden.com', 4.400000095367432, '', true, null, true);
INSERT INTO restaurants (id, created_at, updated_at, deleted_at, name, description, address, phone, email, rating, image, is_active, user_id, is_open) VALUES (28, '2025-01-31 17:43:57.235304 +00:00', '2025-01-31 17:43:57.235307 +00:00', null, 'Seoul Kitchen', 'Authentic Korean BBQ and traditional dishes', '234 Kimchi Ln, Koreatown', '+1234567898', 'info@seoulkitchen.com', 4.599999904632568, '', true, null, true);
INSERT INTO restaurants (id, created_at, updated_at, deleted_at, name, description, address, phone, email, rating, image, is_active, user_id, is_open) VALUES (29, '2025-01-31 17:43:57.236276 +00:00', '2025-01-31 17:43:57.236279 +00:00', null, 'Saigon Pho', 'Vietnamese noodles and street food', '876 Noodle St, Little Saigon', '+1234567899', 'info@saigonpho.com', 4.5, '', true, null, true);
INSERT INTO restaurants (id, created_at, updated_at, deleted_at, name, description, address, phone, email, rating, image, is_active, user_id, is_open) VALUES (30, '2025-01-31 17:43:57.237284 +00:00', '2025-01-31 17:43:57.237288 +00:00', null, 'Athens Taverna', 'Traditional Greek cuisine and mezedes', '123 Acropolis Ave, Greek Town', '+1234567900', 'info@athenstaverna.com', 4.599999904632568, '', true, null, true);
INSERT INTO restaurants (id, created_at, updated_at, deleted_at, name, description, address, phone, email, rating, image, is_active, user_id, is_open) VALUES (31, '2025-01-31 17:43:57.238326 +00:00', '2025-01-31 17:43:57.238330 +00:00', null, 'Tapas Bar', 'Authentic Spanish tapas and wines', '456 Barcelona St, Spanish Quarter', '+1234567901', 'info@tapasbar.com', 4.699999809265137, '', true, null, true);
INSERT INTO restaurants (id, created_at, updated_at, deleted_at, name, description, address, phone, email, rating, image, is_active, user_id, is_open) VALUES (32, '2025-01-31 17:43:57.239412 +00:00', '2025-01-31 17:43:57.239416 +00:00', null, 'Falafel House', 'Middle Eastern street food and grills', '789 Shawarma Rd, Middle Eastern District', '+1234567902', 'info@falafelhouse.com', 4.400000095367432, '', true, null, true);
INSERT INTO restaurants (id, created_at, updated_at, deleted_at, name, description, address, phone, email, rating, image, is_active, user_id, is_open) VALUES (33, '2025-01-31 17:43:57.240438 +00:00', '2025-01-31 17:43:57.240441 +00:00', null, 'Burger Joint', 'Classic American burgers and shakes', '321 Liberty Ave, Downtown', '+1234567903', 'info@burgerjoint.com', 4.300000190734863, '', true, null, true);
INSERT INTO restaurants (id, created_at, updated_at, deleted_at, name, description, address, phone, email, rating, image, is_active, user_id, is_open) VALUES (34, '2025-01-31 17:43:57.241361 +00:00', '2025-01-31 17:43:57.241364 +00:00', null, 'Churrascaria', 'Brazilian steakhouse and rodizio', '567 Rio St, Brazilian District', '+1234567904', 'info@churrascaria.com', 4.800000190734863, '', true, null, true);
INSERT INTO restaurants (id, created_at, updated_at, deleted_at, name, description, address, phone, email, rating, image, is_active, user_id, is_open) VALUES (35, '2025-01-31 17:43:57.242332 +00:00', '2025-01-31 17:43:57.242336 +00:00', null, 'Istanbul Kebab', 'Authentic Turkish kebabs and pide', '890 Bosphorus Rd, Turkish Quarter', '+1234567905', 'info@istanbulkebab.com', 4.5, '', true, null, true);
INSERT INTO restaurants (id, created_at, updated_at, deleted_at, name, description, address, phone, email, rating, image, is_active, user_id, is_open) VALUES (36, '2025-01-31 17:43:57.243276 +00:00', '2025-01-31 17:43:57.243279 +00:00', null, 'Beirut Nights', 'Lebanese mezze and grills', '432 Cedar St, Lebanese District', '+1234567906', 'info@beirutnights.com', 4.599999904632568, '', true, null, true);
INSERT INTO restaurants (id, created_at, updated_at, deleted_at, name, description, address, phone, email, rating, image, is_active, user_id, is_open) VALUES (37, '2025-01-31 17:43:57.244179 +00:00', '2025-01-31 17:43:57.244182 +00:00', null, 'Casablanca', 'Moroccan tagines and couscous', '765 Medina Way, Moroccan Quarter', '+1234567907', 'info@casablanca.com', 4.699999809265137, '', true, null, true);
INSERT INTO restaurants (id, created_at, updated_at, deleted_at, name, description, address, phone, email, rating, image, is_active, user_id, is_open) VALUES (38, '2025-01-31 17:43:57.245080 +00:00', '2025-01-31 17:43:57.245083 +00:00', null, 'Pasta Paradise', 'Homemade Italian pasta and sauces', '234 Venice Ln, Italian District', '+1234567908', 'info@pastaparadise.com', 4.5, '', true, null, true);
INSERT INTO restaurants (id, created_at, updated_at, deleted_at, name, description, address, phone, email, rating, image, is_active, user_id, is_open) VALUES (39, '2025-01-31 17:43:57.245961 +00:00', '2025-01-31 17:43:57.245964 +00:00', null, 'Dim Sum House', 'Traditional Chinese dim sum', '876 Canton St, Chinatown', '+1234567909', 'info@dimsumhouse.com', 4.400000095367432, '', true, null, true);
INSERT INTO restaurants (id, created_at, updated_at, deleted_at, name, description, address, phone, email, rating, image, is_active, user_id, is_open) VALUES (41, '2025-01-31 17:43:57.248754 +00:00', '2025-01-31 17:43:57.248759 +00:00', null, 'Curry House', 'Spicy Indian curries and tandoori', '456 Mumbai St, Little India', '+1234567911', 'info@curryhouse.com', 4.5, '', true, null, true);
INSERT INTO restaurants (id, created_at, updated_at, deleted_at, name, description, address, phone, email, rating, image, is_active, user_id, is_open) VALUES (42, '2025-01-31 17:43:57.250013 +00:00', '2025-01-31 17:43:57.250017 +00:00', null, 'Taco Loco', 'Street-style Mexican tacos', '789 Tijuana Rd, Mexican Quarter', '+1234567912', 'info@tacoloco.com', 4.300000190734863, '', true, null, true);
INSERT INTO restaurants (id, created_at, updated_at, deleted_at, name, description, address, phone, email, rating, image, is_active, user_id, is_open) VALUES (43, '2025-01-31 17:43:57.251141 +00:00', '2025-01-31 17:43:57.251144 +00:00', null, 'Bangkok Street', 'Authentic Thai street food', '321 Bangkok Ave, Thai Town', '+1234567913', 'info@bangkokstreet.com', 4.400000095367432, '', true, null, true);
INSERT INTO restaurants (id, created_at, updated_at, deleted_at, name, description, address, phone, email, rating, image, is_active, user_id, is_open) VALUES (44, '2025-01-31 17:43:57.252310 +00:00', '2025-01-31 17:43:57.252314 +00:00', null, 'Paris Cafe', 'French pastries and cafe cuisine', '567 Champs St, French Quarter', '+1234567914', 'info@pariscafe.com', 4.699999809265137, '', true, null, true);
INSERT INTO restaurants (id, created_at, updated_at, deleted_at, name, description, address, phone, email, rating, image, is_active, user_id, is_open) VALUES (45, '2025-01-31 17:43:57.253483 +00:00', '2025-01-31 17:43:57.253487 +00:00', null, 'Greek Islands', 'Fresh Mediterranean seafood', '890 Santorini Rd, Greek District', '+1234567915', 'info@greekislands.com', 4.599999904632568, '', true, null, true);
INSERT INTO restaurants (id, created_at, updated_at, deleted_at, name, description, address, phone, email, rating, image, is_active, user_id, is_open) VALUES (46, '2025-01-31 17:43:57.254554 +00:00', '2025-01-31 17:43:57.254558 +00:00', null, 'Seoul BBQ', 'Korean BBQ and traditional soups', '432 Seoul St, Koreatown', '+1234567916', 'info@seoulbbq.com', 4.5, '', true, null, true);
INSERT INTO restaurants (id, created_at, updated_at, deleted_at, name, description, address, phone, email, rating, image, is_active, user_id, is_open) VALUES (47, '2025-01-31 17:43:57.255604 +00:00', '2025-01-31 17:43:57.255607 +00:00', null, 'Hanoi Kitchen', 'Traditional Vietnamese cuisine', '765 Hanoi Way, Little Saigon', '+1234567917', 'info@hanoikitchen.com', 4.400000095367432, '', true, null, true);
INSERT INTO restaurants (id, created_at, updated_at, deleted_at, name, description, address, phone, email, rating, image, is_active, user_id, is_open) VALUES (48, '2025-01-31 17:43:57.256573 +00:00', '2025-01-31 17:43:57.256576 +00:00', null, 'Mediterranean Grill', 'Mixed Mediterranean cuisine', '234 Cyprus Ln, Mediterranean District', '+1234567918', 'info@mediterraneangrill.com', 4.5, '', true, null, true);
INSERT INTO restaurants (id, created_at, updated_at, deleted_at, name, description, address, phone, email, rating, image, is_active, user_id, is_open) VALUES (49, '2025-01-31 17:43:57.257520 +00:00', '2025-01-31 17:43:57.257523 +00:00', null, 'Spice Route', 'Fusion Asian cuisine', '876 Silk Rd, Asian Quarter', '+1234567919', 'info@spiceroute.com', 4.599999904632568, '', true, null, true);
INSERT INTO restaurants (id, created_at, updated_at, deleted_at, name, description, address, phone, email, rating, image, is_active, user_id, is_open) VALUES (50, null, null, null, 'Tasty Treat', 'Tasty Treat', 'fdsgfdgfdg', '01128637895', 'john@gmail.com', 0, 'web/uploads/restaurants/8b2a4649-a202-49ea-ba7c-b64d20299c2c.webp', true, 1, true);
INSERT INTO restaurants (id, created_at, updated_at, deleted_at, name, description, address, phone, email, rating, image, is_active, user_id, is_open) VALUES (40, '2025-01-31 17:43:57.247462 +00:00', '2025-01-31 19:12:29.415341 +00:00', null, 'Ramen Bar', 'Authentic Japanese ramen and gyoza', '123 Tokyo Ave, Japantown', '+1234567910', 'info@ramenbar.com', 4.599999904632568, '', true, null, true);
INSERT INTO restaurants (id, created_at, updated_at, deleted_at, name, description, address, phone, email, rating, image, is_active, user_id, is_open) VALUES (25, '2025-01-31 17:43:57.232386 +00:00', '2025-02-05 18:07:53.954122 +00:00', null, 'Thai Orchid', 'Traditional Thai dishes with spicy flavors', '890 Basil Rd, Thai Town', '+1234567895', 'info@thaiorchid.com', 4.5, 'web/uploads/restaurants/ada1097e-731d-4499-9a30-8790048f5e67.jpg', true, null, true);
INSERT INTO restaurants (id, created_at, updated_at, deleted_at, name, description, address, phone, email, rating, image, is_active, user_id, is_open) VALUES (24, '2025-01-31 17:43:57.231308 +00:00', '2025-02-21 07:07:31.800352 +00:00', null, 'El Mariachi', 'Authentic Mexican cuisine and margaritas', '567 Salsa Ave, Mexican Quarter', '+1234567894', 'info@elmariachi.com', 4.599999904632568, '', true, null, true);

INSERT INTO menu_items (id, created_at, updated_at, deleted_at, name, description, price, image, category, is_available, restaurant_id, cuisine_id) VALUES (6, '2025-01-31 17:43:57.261732 +00:00', '2025-02-21 14:01:11.668580 +00:00', null, 'Margherita Pizza', 'Fresh tomatoes, mozzarella, and basil', 12.99, null, 'Main Course', true, 20, null);
INSERT INTO menu_items (id, created_at, updated_at, deleted_at, name, description, price, image, category, is_available, restaurant_id, cuisine_id) VALUES (7, '2025-01-31 17:43:57.264411 +00:00', '2025-01-31 17:43:57.264414 +00:00', null, 'Spaghetti Carbonara', 'Creamy pasta with pancetta and egg', 14.99, null, 'Pasta', true, 20, null);
INSERT INTO menu_items (id, created_at, updated_at, deleted_at, name, description, price, image, category, is_available, restaurant_id, cuisine_id) VALUES (8, '2025-01-31 17:43:57.265382 +00:00', '2025-01-31 17:43:57.265384 +00:00', null, 'Fettuccine Alfredo', 'Creamy pasta with parmesan sauce', 15.99, null, 'Pasta', true, 20, null);
INSERT INTO menu_items (id, created_at, updated_at, deleted_at, name, description, price, image, category, is_available, restaurant_id, cuisine_id) VALUES (9, '2025-01-31 17:43:57.266242 +00:00', '2025-01-31 17:43:57.266244 +00:00', null, 'Bruschetta', 'Toasted bread with tomatoes and herbs', 8.99, null, 'Appetizers', true, 20, null);
INSERT INTO menu_items (id, created_at, updated_at, deleted_at, name, description, price, image, category, is_available, restaurant_id, cuisine_id) VALUES (10, '2025-01-31 17:43:57.267089 +00:00', '2025-01-31 17:43:57.267090 +00:00', null, 'Lasagna', 'Layered pasta with meat and cheese', 16.99, null, 'Main Course', true, 20, null);
INSERT INTO menu_items (id, created_at, updated_at, deleted_at, name, description, price, image, category, is_available, restaurant_id, cuisine_id) VALUES (11, '2025-01-31 17:43:57.267892 +00:00', '2025-01-31 17:43:57.267896 +00:00', null, 'Tiramisu', 'Classic Italian coffee-flavored dessert', 7.99, null, 'Desserts', true, 20, null);
INSERT INTO menu_items (id, created_at, updated_at, deleted_at, name, description, price, image, category, is_available, restaurant_id, cuisine_id) VALUES (12, '2025-01-31 17:43:57.269228 +00:00', '2025-01-31 17:43:57.269232 +00:00', null, 'Caprese Salad', 'Fresh mozzarella, tomatoes, and basil', 9.99, null, 'Salads', true, 20, null);
INSERT INTO menu_items (id, created_at, updated_at, deleted_at, name, description, price, image, category, is_available, restaurant_id, cuisine_id) VALUES (13, '2025-01-31 17:43:57.270544 +00:00', '2025-01-31 17:43:57.270546 +00:00', null, 'Risotto Mushroom', 'Creamy rice with wild mushrooms', 17.99, null, 'Main Course', true, 20, null);
INSERT INTO menu_items (id, created_at, updated_at, deleted_at, name, description, price, image, category, is_available, restaurant_id, cuisine_id) VALUES (14, '2025-01-31 17:43:57.271522 +00:00', '2025-01-31 17:43:57.271524 +00:00', null, 'Gnocchi', 'Potato dumplings in tomato sauce', 14.99, null, 'Pasta', true, 20, null);
INSERT INTO menu_items (id, created_at, updated_at, deleted_at, name, description, price, image, category, is_available, restaurant_id, cuisine_id) VALUES (15, '2025-01-31 17:43:57.272565 +00:00', '2025-01-31 17:43:57.272567 +00:00', null, 'Minestrone Soup', 'Traditional Italian vegetable soup', 6.99, null, 'Soups', true, 20, null);
INSERT INTO menu_items (id, created_at, updated_at, deleted_at, name, description, price, image, category, is_available, restaurant_id, cuisine_id) VALUES (18, '2025-01-31 17:43:57.275208 +00:00', '2025-01-31 17:43:57.275210 +00:00', null, 'Spring Rolls', 'Crispy vegetable spring rolls', 6.99, null, 'Appetizers', true, 21, null);
INSERT INTO menu_items (id, created_at, updated_at, deleted_at, name, description, price, image, category, is_available, restaurant_id, cuisine_id) VALUES (19, '2025-01-31 17:43:57.276062 +00:00', '2025-01-31 17:43:57.276065 +00:00', null, 'Fried Rice', 'Classic Chinese fried rice with vegetables', 11.99, null, 'Rice', true, 21, null);
INSERT INTO menu_items (id, created_at, updated_at, deleted_at, name, description, price, image, category, is_available, restaurant_id, cuisine_id) VALUES (20, '2025-01-31 17:43:57.276836 +00:00', '2025-01-31 17:43:57.276838 +00:00', null, 'Sweet and Sour Pork', 'Crispy pork in sweet and sour sauce', 16.99, null, 'Main Course', true, 21, null);
INSERT INTO menu_items (id, created_at, updated_at, deleted_at, name, description, price, image, category, is_available, restaurant_id, cuisine_id) VALUES (21, '2025-01-31 17:43:57.277574 +00:00', '2025-01-31 17:43:57.277576 +00:00', null, 'Mapo Tofu', 'Spicy tofu with minced pork', 13.99, null, 'Main Course', true, 21, null);
INSERT INTO menu_items (id, created_at, updated_at, deleted_at, name, description, price, image, category, is_available, restaurant_id, cuisine_id) VALUES (22, '2025-01-31 17:43:57.278283 +00:00', '2025-01-31 17:43:57.278285 +00:00', null, 'Hot and Sour Soup', 'Traditional spicy and sour soup', 7.99, null, 'Soups', true, 21, null);
INSERT INTO menu_items (id, created_at, updated_at, deleted_at, name, description, price, image, category, is_available, restaurant_id, cuisine_id) VALUES (23, '2025-01-31 17:43:57.278988 +00:00', '2025-01-31 17:43:57.278990 +00:00', null, 'Beef with Broccoli', 'Tender beef and broccoli in oyster sauce', 17.99, null, 'Main Course', true, 21, null);
INSERT INTO menu_items (id, created_at, updated_at, deleted_at, name, description, price, image, category, is_available, restaurant_id, cuisine_id) VALUES (24, '2025-01-31 17:43:57.279749 +00:00', '2025-01-31 17:43:57.279752 +00:00', null, 'Chow Mein', 'Stir-fried noodles with vegetables', 12.99, null, 'Noodles', true, 21, null);
INSERT INTO menu_items (id, created_at, updated_at, deleted_at, name, description, price, image, category, is_available, restaurant_id, cuisine_id) VALUES (25, '2025-01-31 17:43:57.280617 +00:00', '2025-01-31 17:43:57.280620 +00:00', null, 'Peking Duck', 'Signature crispy duck with pancakes', 32.99, null, 'Specialties', true, 21, null);
INSERT INTO menu_items (id, created_at, updated_at, deleted_at, name, description, price, image, category, is_available, restaurant_id, cuisine_id) VALUES (26, '2025-01-31 17:43:57.281451 +00:00', '2025-01-31 17:43:57.281454 +00:00', null, 'Bulgogi', 'Marinated beef barbecue', 18.99, null, 'BBQ', true, 25, null);
INSERT INTO menu_items (id, created_at, updated_at, deleted_at, name, description, price, image, category, is_available, restaurant_id, cuisine_id) VALUES (27, '2025-01-31 17:43:57.282328 +00:00', '2025-01-31 17:43:57.282332 +00:00', null, 'Kimchi Stew', 'Spicy stew with fermented cabbage', 14.99, null, 'Stews', true, 25, null);
INSERT INTO menu_items (id, created_at, updated_at, deleted_at, name, description, price, image, category, is_available, restaurant_id, cuisine_id) VALUES (28, '2025-01-31 17:43:57.283260 +00:00', '2025-01-31 17:43:57.283264 +00:00', null, 'Bibimbap', 'Mixed rice with vegetables and egg', 15.99, null, 'Rice Dishes', true, 25, null);
INSERT INTO menu_items (id, created_at, updated_at, deleted_at, name, description, price, image, category, is_available, restaurant_id, cuisine_id) VALUES (29, '2025-01-31 17:43:57.284258 +00:00', '2025-01-31 17:43:57.284260 +00:00', null, 'Korean Fried Chicken', 'Crispy chicken with sweet and spicy sauce', 16.99, null, 'Main Course', true, 25, null);
INSERT INTO menu_items (id, created_at, updated_at, deleted_at, name, description, price, image, category, is_available, restaurant_id, cuisine_id) VALUES (30, '2025-01-31 17:43:57.285893 +00:00', '2025-01-31 17:43:57.285897 +00:00', null, 'Japchae', 'Sweet potato noodles with vegetables', 13.99, null, 'Noodles', true, 25, null);
INSERT INTO menu_items (id, created_at, updated_at, deleted_at, name, description, price, image, category, is_available, restaurant_id, cuisine_id) VALUES (31, '2025-01-31 17:43:57.287409 +00:00', '2025-01-31 17:43:57.287411 +00:00', null, 'Pho', 'Traditional Vietnamese noodle soup', 12.99, null, 'Soups', true, 26, null);
INSERT INTO menu_items (id, created_at, updated_at, deleted_at, name, description, price, image, category, is_available, restaurant_id, cuisine_id) VALUES (32, '2025-01-31 17:43:57.288425 +00:00', '2025-01-31 17:43:57.288429 +00:00', null, 'Banh Mi', 'Vietnamese sandwich with grilled meat', 8.99, null, 'Sandwiches', true, 26, null);
INSERT INTO menu_items (id, created_at, updated_at, deleted_at, name, description, price, image, category, is_available, restaurant_id, cuisine_id) VALUES (33, '2025-01-31 17:43:57.289613 +00:00', '2025-01-31 17:43:57.289618 +00:00', null, 'Spring Rolls', 'Fresh rice paper rolls with shrimp', 7.99, null, 'Appetizers', true, 26, null);
INSERT INTO menu_items (id, created_at, updated_at, deleted_at, name, description, price, image, category, is_available, restaurant_id, cuisine_id) VALUES (34, '2025-01-31 17:43:57.290832 +00:00', '2025-01-31 17:43:57.290834 +00:00', null, 'Bun Cha', 'Grilled pork with noodles', 14.99, null, 'Main Course', true, 26, null);
INSERT INTO menu_items (id, created_at, updated_at, deleted_at, name, description, price, image, category, is_available, restaurant_id, cuisine_id) VALUES (35, '2025-01-31 17:43:57.291627 +00:00', '2025-01-31 17:43:57.291628 +00:00', null, 'Vietnamese Coffee', 'Strong coffee with condensed milk', 4.99, null, 'Beverages', true, 26, null);
INSERT INTO menu_items (id, created_at, updated_at, deleted_at, name, description, price, image, category, is_available, restaurant_id, cuisine_id) VALUES (36, '2025-01-31 17:43:57.292312 +00:00', '2025-01-31 17:43:57.292314 +00:00', null, 'Mixed Grill Platter', 'Assorted grilled meats and vegetables', 24.99, null, 'Main Course', true, 27, null);
INSERT INTO menu_items (id, created_at, updated_at, deleted_at, name, description, price, image, category, is_available, restaurant_id, cuisine_id) VALUES (37, '2025-01-31 17:43:57.293037 +00:00', '2025-01-31 17:43:57.293038 +00:00', null, 'Hummus', 'Chickpea dip with olive oil', 6.99, null, 'Appetizers', true, 27, null);
INSERT INTO menu_items (id, created_at, updated_at, deleted_at, name, description, price, image, category, is_available, restaurant_id, cuisine_id) VALUES (38, '2025-01-31 17:43:57.293875 +00:00', '2025-01-31 17:43:57.293878 +00:00', null, 'Greek Salad', 'Fresh vegetables with feta cheese', 9.99, null, 'Salads', true, 27, null);
INSERT INTO menu_items (id, created_at, updated_at, deleted_at, name, description, price, image, category, is_available, restaurant_id, cuisine_id) VALUES (39, '2025-01-31 17:43:57.294845 +00:00', '2025-01-31 17:43:57.294848 +00:00', null, 'Falafel Wrap', 'Fried chickpea patties in pita', 11.99, null, 'Wraps', true, 27, null);
INSERT INTO menu_items (id, created_at, updated_at, deleted_at, name, description, price, image, category, is_available, restaurant_id, cuisine_id) VALUES (40, '2025-01-31 17:43:57.295710 +00:00', '2025-01-31 17:43:57.295714 +00:00', null, 'Baklava', 'Sweet pastry with nuts and honey', 5.99, null, 'Desserts', true, 27, null);
INSERT INTO menu_items (id, created_at, updated_at, deleted_at, name, description, price, image, category, is_available, restaurant_id, cuisine_id) VALUES (41, '2025-01-31 17:43:57.296509 +00:00', '2025-01-31 17:43:57.296511 +00:00', null, 'Fusion Curry Bowl', 'Mixed Asian curry with rice', 16.99, null, 'Main Course', true, 28, null);
INSERT INTO menu_items (id, created_at, updated_at, deleted_at, name, description, price, image, category, is_available, restaurant_id, cuisine_id) VALUES (42, '2025-01-31 17:43:57.297250 +00:00', '2025-01-31 17:43:57.297254 +00:00', null, 'Asian Tapas Platter', 'Assorted small bites', 19.99, null, 'Appetizers', true, 28, null);
INSERT INTO menu_items (id, created_at, updated_at, deleted_at, name, description, price, image, category, is_available, restaurant_id, cuisine_id) VALUES (43, '2025-01-31 17:43:57.298035 +00:00', '2025-01-31 17:43:57.298037 +00:00', null, 'Spicy Noodle Stir-fry', 'Mixed noodles with vegetables', 14.99, null, 'Noodles', true, 28, null);
INSERT INTO menu_items (id, created_at, updated_at, deleted_at, name, description, price, image, category, is_available, restaurant_id, cuisine_id) VALUES (44, '2025-01-31 17:43:57.298731 +00:00', '2025-01-31 17:43:57.298732 +00:00', null, 'Fusion Sushi Roll', 'Creative mixed sushi rolls', 15.99, null, 'Sushi', true, 28, null);
INSERT INTO menu_items (id, created_at, updated_at, deleted_at, name, description, price, image, category, is_available, restaurant_id, cuisine_id) VALUES (45, '2025-01-31 17:43:57.299524 +00:00', '2025-01-31 17:43:57.299528 +00:00', null, 'Mango Sticky Rice', 'Sweet coconut rice with fresh mango', 7.99, null, 'Desserts', true, 28, null);
INSERT INTO menu_items (id, created_at, updated_at, deleted_at, name, description, price, image, category, is_available, restaurant_id, cuisine_id) VALUES (16, '2025-01-31 17:43:57.273470 +00:00', '2025-01-31 19:44:32.739386 +00:00', null, 'Kung Pao Chicken', 'Spicy diced chicken with peanuts', 15.99, 'web/uploads/c4a34daa-0e50-4a35-a087-d0d6a41ebe9d.png', 'Main Course', true, 21, null);
INSERT INTO menu_items (id, created_at, updated_at, deleted_at, name, description, price, image, category, is_available, restaurant_id, cuisine_id) VALUES (17, '2025-01-31 17:43:57.274351 +00:00', '2025-02-21 14:35:55.277430 +00:00', null, 'Dim Sum Platter', 'Assorted steamed dumplings', 18.99, null, 'Sides', true, 21, null);

INSERT INTO orders (id, created_at, updated_at, deleted_at, user_id, restaurant_id, total_amount, status, delivery_address, payment_status, payment_method) VALUES (4, '2025-02-05 07:14:17.217520 +00:00', '2025-02-21 16:22:47.284190 +00:00', null, 2, 21, 121.9, 'pending', 'Dhaka', 'pending', 'cash');
INSERT INTO orders (id, created_at, updated_at, deleted_at, user_id, restaurant_id, total_amount, status, delivery_address, payment_status, payment_method) VALUES (5, '2025-02-06 10:44:48.189328 +00:00', '2025-02-21 17:09:41.005834 +00:00', null, 1, 20, 92.94, 'delivered', 'fsgdfsh', 'paid', 'cash');
INSERT INTO orders (id, created_at, updated_at, deleted_at, user_id, restaurant_id, total_amount, status, delivery_address, payment_status, payment_method) VALUES (3, '2025-02-04 20:31:10.223461 +00:00', '2025-02-21 17:10:00.093316 +00:00', null, 2, 21, 0, 'delivered', 'xcvxb', 'paid', 'cash');
INSERT INTO orders (id, created_at, updated_at, deleted_at, user_id, restaurant_id, total_amount, status, delivery_address, payment_status, payment_method) VALUES (6, '2025-02-20 17:17:00.615929 +00:00', '2025-02-21 17:45:19.312678 +00:00', null, 2, 20, 44.96, 'delivered', 'Dhaka', 'paid', 'cash');

INSERT INTO order_items (id, created_at, updated_at, deleted_at, order_id, menu_item_id, quantity, price) VALUES (1, '2025-02-05 07:14:17.219993 +00:00', '2025-02-05 07:14:17.219996 +00:00', null, 4, 17, 1, 18.99);
INSERT INTO order_items (id, created_at, updated_at, deleted_at, order_id, menu_item_id, quantity, price) VALUES (2, '2025-02-05 07:14:17.219997 +00:00', '2025-02-05 07:14:17.219998 +00:00', null, 4, 22, 1, 7.99);
INSERT INTO order_items (id, created_at, updated_at, deleted_at, order_id, menu_item_id, quantity, price) VALUES (3, '2025-02-05 07:14:17.219999 +00:00', '2025-02-05 07:14:17.219999 +00:00', null, 4, 18, 1, 6.99);
INSERT INTO order_items (id, created_at, updated_at, deleted_at, order_id, menu_item_id, quantity, price) VALUES (4, '2025-02-05 07:14:17.220000 +00:00', '2025-02-05 07:14:17.220000 +00:00', null, 4, 21, 2, 13.99);
INSERT INTO order_items (id, created_at, updated_at, deleted_at, order_id, menu_item_id, quantity, price) VALUES (5, '2025-02-05 07:14:17.220001 +00:00', '2025-02-05 07:14:17.220002 +00:00', null, 4, 19, 5, 11.99);
INSERT INTO order_items (id, created_at, updated_at, deleted_at, order_id, menu_item_id, quantity, price) VALUES (6, '2025-02-06 10:44:48.195224 +00:00', '2025-02-06 10:44:48.195228 +00:00', null, 5, 6, 1, 12.99);
INSERT INTO order_items (id, created_at, updated_at, deleted_at, order_id, menu_item_id, quantity, price) VALUES (7, '2025-02-06 10:44:48.195230 +00:00', '2025-02-06 10:44:48.195232 +00:00', null, 5, 7, 1, 14.99);
INSERT INTO order_items (id, created_at, updated_at, deleted_at, order_id, menu_item_id, quantity, price) VALUES (8, '2025-02-06 10:44:48.195233 +00:00', '2025-02-06 10:44:48.195234 +00:00', null, 5, 8, 1, 15.99);
INSERT INTO order_items (id, created_at, updated_at, deleted_at, order_id, menu_item_id, quantity, price) VALUES (9, '2025-02-06 10:44:48.195235 +00:00', '2025-02-06 10:44:48.195235 +00:00', null, 5, 14, 1, 14.99);
INSERT INTO order_items (id, created_at, updated_at, deleted_at, order_id, menu_item_id, quantity, price) VALUES (10, '2025-02-06 10:44:48.195237 +00:00', '2025-02-06 10:44:48.195238 +00:00', null, 5, 13, 1, 17.99);
INSERT INTO order_items (id, created_at, updated_at, deleted_at, order_id, menu_item_id, quantity, price) VALUES (11, '2025-02-06 10:44:48.195240 +00:00', '2025-02-06 10:44:48.195241 +00:00', null, 5, 16, 1, 15.99);
INSERT INTO order_items (id, created_at, updated_at, deleted_at, order_id, menu_item_id, quantity, price) VALUES (12, '2025-02-20 17:17:00.618871 +00:00', '2025-02-20 17:17:00.618876 +00:00', null, 6, 6, 1, 12.99);
INSERT INTO order_items (id, created_at, updated_at, deleted_at, order_id, menu_item_id, quantity, price) VALUES (13, '2025-02-20 17:17:00.618878 +00:00', '2025-02-20 17:17:00.618879 +00:00', null, 6, 7, 1, 14.99);
INSERT INTO order_items (id, created_at, updated_at, deleted_at, order_id, menu_item_id, quantity, price) VALUES (14, '2025-02-20 17:17:00.618882 +00:00', '2025-02-20 17:17:00.618882 +00:00', null, 6, 9, 1, 8.99);
INSERT INTO order_items (id, created_at, updated_at, deleted_at, order_id, menu_item_id, quantity, price) VALUES (15, '2025-02-20 17:17:00.618884 +00:00', '2025-02-20 17:17:00.618884 +00:00', null, 6, 11, 1, 7.99);